,date,Ticker,name,weight,Exchange
0,2021-01-29,600006.ss,东风汽车,0.09,zz500
1,2021-01-29,600008.ss,首创股份,0.22,zz500
2,2021-01-29,600021.ss,上海电力,0.13,zz500
3,2021-01-29,600022.ss,山东钢铁,0.13,zz500
4,2021-01-29,600026.ss,中远海能,0.16,zz500
5,2021-01-29,600037.ss,歌华有线,0.15,zz500
6,2021-01-29,600038.ss,中直股份,0.29,zz500
7,2021-01-29,600039.ss,四川路桥,0.16,zz500
8,2021-01-29,600053.ss,九鼎投资,0.04,zz500
9,2021-01-29,600056.ss,中国医药,0.13,zz500
10,2021-01-29,600060.ss,海信视像,0.18,zz500
11,2021-01-29,600062.ss,华润双鹤,0.1,zz500
12,2021-01-29,600064.ss,南京高科,0.15,zz500
13,2021-01-29,600073.ss,上海梅林,0.1,zz500
14,2021-01-29,600079.ss,人福医药,0.52,zz500
15,2021-01-29,600089.ss,特变电工,0.84,zz500
16,2021-01-29,600094.ss,大名城,0.1,zz500
17,2021-01-29,600120.ss,浙江东方,0.13,zz500
18,2021-01-29,600126.ss,杭钢股份,0.12,zz500
19,2021-01-29,600131.ss,国网信通,0.09,zz500
20,2021-01-29,600132.ss,重庆啤酒,0.58,zz500
21,2021-01-29,600141.ss,兴发集团,0.13,zz500
22,2021-01-29,600143.ss,金发科技,0.9,zz500
23,2021-01-29,600153.ss,建发股份,0.24,zz500
24,2021-01-29,600155.ss,华创阳安,0.23,zz500
25,2021-01-29,600158.ss,中体产业,0.14,zz500
26,2021-01-29,600160.ss,巨化股份,0.21,zz500
27,2021-01-29,600166.ss,福田汽车,0.21,zz500
28,2021-01-29,600167.ss,联美控股,0.16,zz500
29,2021-01-29,600170.ss,上海建工,0.23,zz500
30,2021-01-29,600171.ss,上海贝岭,0.14,zz500
31,2021-01-29,600188.ss,兖州煤业,0.14,zz500
32,2021-01-29,600195.ss,中牧股份,0.15,zz500
33,2021-01-29,600201.ss,生物股份,0.46,zz500
34,2021-01-29,600216.ss,浙江医药,0.16,zz500
35,2021-01-29,600219.ss,南山铝业,0.42,zz500
36,2021-01-29,600256.ss,广汇能源,0.18,zz500
37,2021-01-29,600258.ss,首旅酒店,0.19,zz500
38,2021-01-29,600259.ss,广晟有色,0.12,zz500
39,2021-01-29,600260.ss,凯乐科技,0.16,zz500
40,2021-01-29,600266.ss,城建发展,0.11,zz500
41,2021-01-29,600273.ss,嘉化能源,0.15,zz500
42,2021-01-29,600277.ss,亿利洁能,0.07,zz500
43,2021-01-29,600282.ss,南钢股份,0.17,zz500
44,2021-01-29,600291.ss,西水股份,0.04,zz500
45,2021-01-29,600307.ss,酒钢宏兴,0.08,zz500
46,2021-01-29,600312.ss,平高电气,0.09,zz500
47,2021-01-29,600315.ss,上海家化,0.24,zz500
48,2021-01-29,600316.ss,洪都航空,0.32,zz500
49,2021-01-29,600325.ss,华发股份,0.19,zz500
50,2021-01-29,600329.ss,中新药业,0.09,zz500
51,2021-01-29,600338.ss,西藏珠峰,0.09,zz500
52,2021-01-29,600339.ss,中油工程,0.08,zz500
53,2021-01-29,600348.ss,华阳股份,0.1,zz500
54,2021-01-29,600350.ss,山东高速,0.06,zz500
55,2021-01-29,600372.ss,中航电子,0.25,zz500
56,2021-01-29,600373.ss,中文传媒,0.12,zz500
57,2021-01-29,600376.ss,首开股份,0.13,zz500
58,2021-01-29,600380.ss,健康元,0.26,zz500
59,2021-01-29,600388.ss,龙净环保,0.11,zz500
60,2021-01-29,600392.ss,盛和资源,0.4,zz500
61,2021-01-29,600398.ss,海澜之家,0.14,zz500
62,2021-01-29,600409.ss,三友化工,0.26,zz500
63,2021-01-29,600410.ss,华胜天成,0.14,zz500
64,2021-01-29,600415.ss,小商品城,0.25,zz500
65,2021-01-29,600418.ss,江淮汽车,0.21,zz500
66,2021-01-29,600426.ss,华鲁恒升,0.79,zz500
67,2021-01-29,600435.ss,北方导航,0.15,zz500
68,2021-01-29,600446.ss,金证股份,0.16,zz500
69,2021-01-29,600460.ss,士兰微,0.31,zz500
70,2021-01-29,600466.ss,蓝光发展,0.11,zz500
71,2021-01-29,600486.ss,扬农化工,0.47,zz500
72,2021-01-29,600497.ss,驰宏锌锗,0.23,zz500
73,2021-01-29,600500.ss,中化国际,0.12,zz500
74,2021-01-29,600507.ss,方大特钢,0.12,zz500
75,2021-01-29,600511.ss,国药股份,0.27,zz500
76,2021-01-29,600515.ss,*ST基础,0.2,zz500
77,2021-01-29,600516.ss,方大炭素,0.31,zz500
78,2021-01-29,600517.ss,国网英大,0.07,zz500
79,2021-01-29,600528.ss,中铁工业,0.2,zz500
80,2021-01-29,600529.ss,山东药玻,0.32,zz500
81,2021-01-29,600535.ss,天士力,0.22,zz500
82,2021-01-29,600545.ss,卓郎智能,0.06,zz500
83,2021-01-29,600546.ss,山煤国际,0.09,zz500
84,2021-01-29,600549.ss,厦门钨业,0.27,zz500
85,2021-01-29,600556.ss,天下秀,0.08,zz500
86,2021-01-29,600563.ss,法拉电子,0.24,zz500
87,2021-01-29,600566.ss,济川药业,0.09,zz500
88,2021-01-29,600567.ss,山鹰国际,0.17,zz500
89,2021-01-29,600572.ss,康恩贝,0.14,zz500
90,2021-01-29,600575.ss,淮河能源,0.06,zz500
91,2021-01-29,600580.ss,卧龙电驱,0.17,zz500
92,2021-01-29,600582.ss,天地科技,0.09,zz500
93,2021-01-29,600597.ss,光明乳业,0.2,zz500
94,2021-01-29,600598.ss,北大荒,0.21,zz500
95,2021-01-29,600623.ss,华谊集团,0.06,zz500
96,2021-01-29,600633.ss,浙数文化,0.1,zz500
97,2021-01-29,600639.ss,浦东金桥,0.07,zz500
98,2021-01-29,600640.ss,号百控股,0.06,zz500
99,2021-01-29,600642.ss,申能股份,0.22,zz500
100,2021-01-29,600643.ss,爱建集团,0.1,zz500
101,2021-01-29,600645.ss,中源协和,0.11,zz500
102,2021-01-29,600648.ss,外高桥,0.09,zz500
103,2021-01-29,600649.ss,城投控股,0.11,zz500
104,2021-01-29,600657.ss,信达地产,0.06,zz500
105,2021-01-29,600664.ss,哈药股份,0.07,zz500
106,2021-01-29,600667.ss,太极实业,0.21,zz500
107,2021-01-29,600673.ss,东阳光,0.12,zz500
108,2021-01-29,600675.ss,中华企业,0.11,zz500
109,2021-01-29,600699.ss,均胜电子,0.39,zz500
110,2021-01-29,600704.ss,物产中大,0.19,zz500
111,2021-01-29,600707.ss,彩虹股份,0.1,zz500
112,2021-01-29,600717.ss,天津港,0.1,zz500
113,2021-01-29,600718.ss,东软集团,0.15,zz500
114,2021-01-29,600728.ss,佳都科技,0.17,zz500
115,2021-01-29,600729.ss,重庆百货,0.1,zz500
116,2021-01-29,600733.ss,北汽蓝谷,0.33,zz500
117,2021-01-29,600737.ss,中粮糖业,0.17,zz500
118,2021-01-29,600739.ss,辽宁成大,0.49,zz500
119,2021-01-29,600748.ss,上实发展,0.07,zz500
120,2021-01-29,600754.ss,锦江酒店,0.3,zz500
121,2021-01-29,600755.ss,厦门国贸,0.14,zz500
122,2021-01-29,600765.ss,中航重机,0.19,zz500
123,2021-01-29,600776.ss,东方通信,0.1,zz500
124,2021-01-29,600779.ss,水井坊,0.31,zz500
125,2021-01-29,600782.ss,新钢股份,0.12,zz500
126,2021-01-29,600787.ss,中储股份,0.07,zz500
127,2021-01-29,600801.ss,华新水泥,0.24,zz500
128,2021-01-29,600804.ss,鹏博士,0.16,zz500
129,2021-01-29,600808.ss,马钢股份,0.11,zz500
130,2021-01-29,600811.ss,东方集团,0.17,zz500
131,2021-01-29,600820.ss,隧道股份,0.17,zz500
132,2021-01-29,600823.ss,世茂股份,0.09,zz500
133,2021-01-29,600827.ss,百联股份,0.25,zz500
134,2021-01-29,600835.ss,上海机电,0.11,zz500
135,2021-01-29,600839.ss,四川长虹,0.17,zz500
136,2021-01-29,600859.ss,王府井,0.22,zz500
137,2021-01-29,600862.ss,中航高科,0.4,zz500
138,2021-01-29,600863.ss,内蒙华电,0.1,zz500
139,2021-01-29,600867.ss,通化东宝,0.28,zz500
140,2021-01-29,600869.ss,远东股份,0.07,zz500
141,2021-01-29,600871.ss,石化油服,0.06,zz500
142,2021-01-29,600875.ss,东方电气,0.25,zz500
143,2021-01-29,600879.ss,航天电子,0.26,zz500
144,2021-01-29,600881.ss,亚泰集团,0.16,zz500
145,2021-01-29,600884.ss,杉杉股份,0.34,zz500
146,2021-01-29,600885.ss,宏发股份,0.51,zz500
147,2021-01-29,600895.ss,张江高科,0.24,zz500
148,2021-01-29,600901.ss,江苏租赁,0.11,zz500
149,2021-01-29,600903.ss,贵州燃气,0.04,zz500
150,2021-01-29,600908.ss,无锡银行,0.17,zz500
151,2021-01-29,600909.ss,华安证券,0.26,zz500
152,2021-01-29,600917.ss,重庆燃气,0.02,zz500
153,2021-01-29,600928.ss,西安银行,0.12,zz500
154,2021-01-29,600959.ss,江苏有线,0.11,zz500
155,2021-01-29,600967.ss,内蒙一机,0.16,zz500
156,2021-01-29,600968.ss,海油发展,0.08,zz500
157,2021-01-29,600970.ss,中材国际,0.16,zz500
158,2021-01-29,600985.ss,淮北矿业,0.08,zz500
159,2021-01-29,601000.ss,唐山港,0.12,zz500
160,2021-01-29,601003.ss,柳钢股份,0.05,zz500
161,2021-01-29,601005.ss,重庆钢铁,0.15,zz500
162,2021-01-29,601016.ss,节能风电,0.13,zz500
163,2021-01-29,601068.ss,中铝国际,0.02,zz500
164,2021-01-29,601098.ss,中南传媒,0.12,zz500
165,2021-01-29,601099.ss,太平洋,0.4,zz500
166,2021-01-29,601106.ss,中国一重,0.14,zz500
167,2021-01-29,601118.ss,海南橡胶,0.17,zz500
168,2021-01-29,601127.ss,小康股份,0.08,zz500
169,2021-01-29,601128.ss,常熟银行,0.34,zz500
170,2021-01-29,601139.ss,深圳燃气,0.06,zz500
171,2021-01-29,601168.ss,西部矿业,0.41,zz500
172,2021-01-29,601179.ss,中国西电,0.15,zz500
173,2021-01-29,601200.ss,上海环境,0.13,zz500
174,2021-01-29,601228.ss,广州港,0.07,zz500
175,2021-01-29,601233.ss,桐昆股份,0.66,zz500
176,2021-01-29,601298.ss,青岛港,0.08,zz500
177,2021-01-29,601333.ss,广深铁路,0.13,zz500
178,2021-01-29,601456.ss,国联证券,0.17,zz500
179,2021-01-29,601512.ss,中新集团,0.03,zz500
180,2021-01-29,601598.ss,中国外运,0.11,zz500
181,2021-01-29,601608.ss,中信重工,0.1,zz500
182,2021-01-29,601611.ss,中国核建,0.12,zz500
183,2021-01-29,601615.ss,明阳智能,0.27,zz500
184,2021-01-29,601689.ss,拓普集团,0.33,zz500
185,2021-01-29,601699.ss,潞安环能,0.12,zz500
186,2021-01-29,601717.ss,郑煤机,0.18,zz500
187,2021-01-29,601718.ss,际华集团,0.11,zz500
188,2021-01-29,601778.ss,晶科科技,0.09,zz500
189,2021-01-29,601799.ss,星宇股份,0.53,zz500
190,2021-01-29,601801.ss,皖新传媒,0.05,zz500
191,2021-01-29,601828.ss,美凯龙,0.08,zz500
192,2021-01-29,601860.ss,紫金银行,0.13,zz500
193,2021-01-29,601865.ss,福莱特,0.21,zz500
194,2021-01-29,601866.ss,中远海发,0.2,zz500
195,2021-01-29,601869.ss,长飞光纤,0.05,zz500
196,2021-01-29,601880.ss,辽港股份,0.1,zz500
197,2021-01-29,601928.ss,凤凰传媒,0.08,zz500
198,2021-01-29,601958.ss,金钼股份,0.1,zz500
199,2021-01-29,601966.ss,玲珑轮胎,0.52,zz500
200,2021-01-29,601969.ss,海南矿业,0.03,zz500
201,2021-01-29,601975.ss,招商南油,0.14,zz500
202,2021-01-29,601992.ss,金隅集团,0.2,zz500
203,2021-01-29,601997.ss,贵阳银行,0.36,zz500
204,2021-01-29,603000.ss,人民网,0.17,zz500
205,2021-01-29,603056.ss,德邦股份,0.08,zz500
206,2021-01-29,603077.ss,和邦生物,0.12,zz500
207,2021-01-29,603198.ss,迎驾贡酒,0.15,zz500
208,2021-01-29,603225.ss,新凤鸣,0.09,zz500
209,2021-01-29,603228.ss,景旺电子,0.12,zz500
210,2021-01-29,603256.ss,宏和科技,0.03,zz500
211,2021-01-29,603260.ss,合盛硅业,0.11,zz500
212,2021-01-29,603290.ss,斯达半导,0.19,zz500
213,2021-01-29,603317.ss,天味食品,0.14,zz500
214,2021-01-29,603328.ss,依顿电子,0.05,zz500
215,2021-01-29,603338.ss,浙江鼎力,0.4,zz500
216,2021-01-29,603345.ss,安井食品,0.52,zz500
217,2021-01-29,603355.ss,莱克电气,0.04,zz500
218,2021-01-29,603377.ss,东方时尚,0.05,zz500
219,2021-01-29,603379.ss,三美股份,0.06,zz500
220,2021-01-29,603444.ss,吉比特,0.26,zz500
221,2021-01-29,603486.ss,科沃斯,0.44,zz500
222,2021-01-29,603515.ss,欧普照明,0.08,zz500
223,2021-01-29,603568.ss,伟明环保,0.12,zz500
224,2021-01-29,603589.ss,口子窖,0.41,zz500
225,2021-01-29,603605.ss,珀莱雅,0.2,zz500
226,2021-01-29,603638.ss,艾迪精密,0.24,zz500
227,2021-01-29,603650.ss,彤程新材,0.09,zz500
228,2021-01-29,603708.ss,家家悦,0.09,zz500
229,2021-01-29,603712.ss,七一二,0.17,zz500
230,2021-01-29,603719.ss,良品铺子,0.05,zz500
231,2021-01-29,603737.ss,三棵树,0.28,zz500
232,2021-01-29,603786.ss,科博达,0.06,zz500
233,2021-01-29,603806.ss,福斯特,0.54,zz500
234,2021-01-29,603816.ss,顾家家居,0.41,zz500
235,2021-01-29,603858.ss,步长制药,0.23,zz500
236,2021-01-29,603866.ss,桃李面包,0.27,zz500
237,2021-01-29,603868.ss,飞科电器,0.04,zz500
238,2021-01-29,603882.ss,金域医学,0.77,zz500
239,2021-01-29,603883.ss,老百姓,0.26,zz500
240,2021-01-29,603885.ss,吉祥航空,0.11,zz500
241,2021-01-29,603888.ss,新华网,0.07,zz500
242,2021-01-29,603893.ss,瑞芯微,0.05,zz500
243,2021-01-29,603927.ss,中科软,0.16,zz500
244,2021-01-29,603983.ss,丸美股份,0.04,zz500
245,2021-01-29,688002.ss,睿创微纳,0.45,zz500
246,2021-01-29,688029.ss,南微医学,0.13,zz500
247,2021-01-29,688088.ss,虹软科技,0.21,zz500
248,2021-01-29,688099.ss,晶晨股份,0.29,zz500
249,2021-01-29,688321.ss,微芯生物,0.13,zz500
250,2021-01-29,000008.sz,神州高铁,0.09,zz500
251,2021-01-29,000009.sz,中国宝安,0.32,zz500
252,2021-01-29,000012.sz,南  玻A,0.16,zz500
253,2021-01-29,000021.sz,深科技,0.32,zz500
254,2021-01-29,000027.sz,深圳能源,0.16,zz500
255,2021-01-29,000028.sz,国药一致,0.1,zz500
256,2021-01-29,000031.sz,大悦城,0.09,zz500
257,2021-01-29,000039.sz,中集集团,0.28,zz500
258,2021-01-29,000046.sz,泛海控股,0.08,zz500
259,2021-01-29,000050.sz,深天马A,0.28,zz500
260,2021-01-29,000060.sz,中金岭南,0.19,zz500
261,2021-01-29,000061.sz,农 产 品,0.07,zz500
262,2021-01-29,000062.sz,深圳华强,0.06,zz500
263,2021-01-29,000078.sz,海王生物,0.1,zz500
264,2021-01-29,000089.sz,深圳机场,0.14,zz500
265,2021-01-29,000090.sz,天健集团,0.13,zz500
266,2021-01-29,000156.sz,华数传媒,0.08,zz500
267,2021-01-29,000158.sz,常山北明,0.09,zz500
268,2021-01-29,000301.sz,东方盛虹,0.23,zz500
269,2021-01-29,000400.sz,许继电气,0.14,zz500
270,2021-01-29,000401.sz,冀东水泥,0.23,zz500
271,2021-01-29,000402.sz,金 融 街,0.13,zz500
272,2021-01-29,000415.sz,渤海租赁,0.1,zz500
273,2021-01-29,000488.sz,晨鸣纸业,0.16,zz500
274,2021-01-29,000501.sz,鄂武商A,0.09,zz500
275,2021-01-29,000513.sz,丽珠集团,0.23,zz500
276,2021-01-29,000519.sz,中兵红箭,0.11,zz500
277,2021-01-29,000528.sz,柳工,0.14,zz500
278,2021-01-29,000537.sz,广宇发展,0.06,zz500
279,2021-01-29,000540.sz,中天金融,0.2,zz500
280,2021-01-29,000543.sz,皖能电力,0.08,zz500
281,2021-01-29,000547.sz,航天发展,0.57,zz500
282,2021-01-29,000553.sz,安道麦A,0.07,zz500
283,2021-01-29,000559.sz,万向钱潮,0.11,zz500
284,2021-01-29,000563.sz,陕国投A,0.12,zz500
285,2021-01-29,000564.sz,*ST大集,0.11,zz500
286,2021-01-29,000581.sz,威孚高科,0.2,zz500
287,2021-01-29,000598.sz,兴蓉环境,0.14,zz500
288,2021-01-29,000600.sz,建投能源,0.06,zz500
289,2021-01-29,000623.sz,吉林敖东,0.25,zz500
290,2021-01-29,000629.sz,攀钢钒钛,0.15,zz500
291,2021-01-29,000630.sz,铜陵有色,0.3,zz500
292,2021-01-29,000636.sz,风华高科,0.41,zz500
293,2021-01-29,000681.sz,视觉中国,0.1,zz500
294,2021-01-29,000685.sz,中山公用,0.12,zz500
295,2021-01-29,000686.sz,东北证券,0.22,zz500
296,2021-01-29,000690.sz,宝新能源,0.23,zz500
297,2021-01-29,000709.sz,河钢股份,0.16,zz500
298,2021-01-29,000717.sz,韶钢松山,0.09,zz500
299,2021-01-29,000718.sz,苏宁环球,0.1,zz500
300,2021-01-29,000729.sz,燕京啤酒,0.16,zz500
301,2021-01-29,000732.sz,泰禾集团,0.05,zz500
302,2021-01-29,000738.sz,航发控制,0.21,zz500
303,2021-01-29,000739.sz,普洛药业,0.24,zz500
304,2021-01-29,000750.sz,国海证券,0.35,zz500
305,2021-01-29,000758.sz,中色股份,0.11,zz500
306,2021-01-29,000778.sz,新兴铸管,0.15,zz500
307,2021-01-29,000807.sz,云铝股份,0.21,zz500
308,2021-01-29,000813.sz,德展健康,0.06,zz500
309,2021-01-29,000825.sz,太钢不锈,0.14,zz500
310,2021-01-29,000826.sz,启迪环境,0.09,zz500
311,2021-01-29,000830.sz,鲁西化工,0.24,zz500
312,2021-01-29,000869.sz,张  裕A,0.09,zz500
313,2021-01-29,000877.sz,天山股份,0.16,zz500
314,2021-01-29,000878.sz,云南铜业,0.24,zz500
315,2021-01-29,000883.sz,湖北能源,0.12,zz500
316,2021-01-29,000887.sz,中鼎股份,0.13,zz500
317,2021-01-29,000898.sz,鞍钢股份,0.12,zz500
318,2021-01-29,000930.sz,中粮科技,0.22,zz500
319,2021-01-29,000932.sz,华菱钢铁,0.16,zz500
320,2021-01-29,000937.sz,冀中能源,0.06,zz500
321,2021-01-29,000959.sz,首钢股份,0.11,zz500
322,2021-01-29,000960.sz,锡业股份,0.22,zz500
323,2021-01-29,000967.sz,盈峰环境,0.14,zz500
324,2021-01-29,000970.sz,中科三环,0.14,zz500
325,2021-01-29,000975.sz,银泰黄金,0.24,zz500
326,2021-01-29,000983.sz,山西焦煤,0.18,zz500
327,2021-01-29,000988.sz,华工科技,0.33,zz500
328,2021-01-29,000990.sz,诚志股份,0.12,zz500
329,2021-01-29,000997.sz,新 大 陆,0.17,zz500
330,2021-01-29,000998.sz,隆平高科,0.29,zz500
331,2021-01-29,000999.sz,华润三九,0.17,zz500
332,2021-01-29,001872.sz,招商港口,0.03,zz500
333,2021-01-29,001914.sz,招商积余,0.15,zz500
334,2021-01-29,002002.sz,鸿达兴业,0.09,zz500
335,2021-01-29,002004.sz,华邦健康,0.13,zz500
336,2021-01-29,002010.sz,传化智联,0.14,zz500
337,2021-01-29,002013.sz,中航机电,0.39,zz500
338,2021-01-29,002019.sz,亿帆医药,0.24,zz500
339,2021-01-29,002028.sz,思源电气,0.23,zz500
340,2021-01-29,002030.sz,达安基因,0.39,zz500
341,2021-01-29,002038.sz,双鹭药业,0.09,zz500
342,2021-01-29,002048.sz,宁波华翔,0.14,zz500
343,2021-01-29,002051.sz,中工国际,0.06,zz500
344,2021-01-29,002056.sz,横店东磁,0.23,zz500
345,2021-01-29,002064.sz,华峰化学,0.36,zz500
346,2021-01-29,002074.sz,国轩高科,0.67,zz500
347,2021-01-29,002075.sz,沙钢股份,0.31,zz500
348,2021-01-29,002078.sz,太阳纸业,0.44,zz500
349,2021-01-29,002080.sz,中材科技,0.3,zz500
350,2021-01-29,002081.sz,金螳螂,0.23,zz500
351,2021-01-29,002085.sz,万丰奥威,0.15,zz500
352,2021-01-29,002092.sz,中泰化学,0.25,zz500
353,2021-01-29,002093.sz,国脉科技,0.06,zz500
354,2021-01-29,002110.sz,三钢闽光,0.14,zz500
355,2021-01-29,002124.sz,天邦股份,0.23,zz500
356,2021-01-29,002128.sz,露天煤业,0.12,zz500
357,2021-01-29,002131.sz,利欧股份,0.38,zz500
358,2021-01-29,002138.sz,顺络电子,0.35,zz500
359,2021-01-29,002152.sz,广电运通,0.19,zz500
360,2021-01-29,002155.sz,湖南黄金,0.12,zz500
361,2021-01-29,002156.sz,通富微电,0.32,zz500
362,2021-01-29,002174.sz,游族网络,0.17,zz500
363,2021-01-29,002183.sz,怡亚通,0.11,zz500
364,2021-01-29,002185.sz,华天科技,0.55,zz500
365,2021-01-29,002191.sz,劲嘉股份,0.15,zz500
366,2021-01-29,002195.sz,二三四五,0.18,zz500
367,2021-01-29,002203.sz,海亮股份,0.14,zz500
368,2021-01-29,002212.sz,天融信,0.35,zz500
369,2021-01-29,002217.sz,合力泰,0.12,zz500
370,2021-01-29,002221.sz,东华能源,0.23,zz500
371,2021-01-29,002223.sz,鱼跃医疗,0.3,zz500
372,2021-01-29,002233.sz,塔牌集团,0.15,zz500
373,2021-01-29,002242.sz,九阳股份,0.15,zz500
374,2021-01-29,002244.sz,滨江集团,0.12,zz500
375,2021-01-29,002249.sz,大洋电机,0.11,zz500
376,2021-01-29,002250.sz,联化科技,0.31,zz500
377,2021-01-29,002266.sz,浙富控股,0.14,zz500
378,2021-01-29,002268.sz,卫士通,0.18,zz500
379,2021-01-29,002273.sz,水晶光电,0.23,zz500
380,2021-01-29,002281.sz,光迅科技,0.19,zz500
381,2021-01-29,002294.sz,信立泰,0.26,zz500
382,2021-01-29,002299.sz,圣农发展,0.32,zz500
383,2021-01-29,002302.sz,西部建设,0.07,zz500
384,2021-01-29,002317.sz,众生药业,0.1,zz500
385,2021-01-29,002340.sz,格林美,0.54,zz500
386,2021-01-29,002353.sz,杰瑞股份,0.44,zz500
387,2021-01-29,002368.sz,太极股份,0.17,zz500
388,2021-01-29,002372.sz,伟星新材,0.24,zz500
389,2021-01-29,002373.sz,千方科技,0.25,zz500
390,2021-01-29,002375.sz,亚厦股份,0.11,zz500
391,2021-01-29,002382.sz,蓝帆医疗,0.25,zz500
392,2021-01-29,002385.sz,大北农,0.48,zz500
393,2021-01-29,002387.sz,维信诺,0.14,zz500
394,2021-01-29,002390.sz,信邦制药,0.17,zz500
395,2021-01-29,002396.sz,星网锐捷,0.18,zz500
396,2021-01-29,002399.sz,海普瑞,0.12,zz500
397,2021-01-29,002408.sz,齐翔腾达,0.12,zz500
398,2021-01-29,002416.sz,爱施德,0.12,zz500
399,2021-01-29,002419.sz,天虹股份,0.06,zz500
400,2021-01-29,002423.sz,中粮资本,0.03,zz500
401,2021-01-29,002424.sz,贵州百灵,0.1,zz500
402,2021-01-29,002429.sz,兆驰股份,0.21,zz500
403,2021-01-29,002434.sz,万里扬,0.09,zz500
404,2021-01-29,002440.sz,闰土股份,0.12,zz500
405,2021-01-29,002444.sz,巨星科技,0.32,zz500
406,2021-01-29,002458.sz,益生股份,0.11,zz500
407,2021-01-29,002465.sz,海格通信,0.3,zz500
408,2021-01-29,002468.sz,申通快递,0.1,zz500
409,2021-01-29,002500.sz,山西证券,0.3,zz500
410,2021-01-29,002503.sz,搜于特,0.07,zz500
411,2021-01-29,002505.sz,鹏都农牧,0.1,zz500
412,2021-01-29,002506.sz,协鑫集成,0.25,zz500
413,2021-01-29,002507.sz,涪陵榨菜,0.44,zz500
414,2021-01-29,002511.sz,中顺洁柔,0.27,zz500
415,2021-01-29,002544.sz,杰赛科技,0.08,zz500
416,2021-01-29,002557.sz,洽洽食品,0.34,zz500
417,2021-01-29,002563.sz,森马服饰,0.12,zz500
418,2021-01-29,002568.sz,百润股份,0.57,zz500
419,2021-01-29,002572.sz,索菲亚,0.36,zz500
420,2021-01-29,002583.sz,海能达,0.1,zz500
421,2021-01-29,002589.sz,瑞康医药,0.09,zz500
422,2021-01-29,002595.sz,豪迈科技,0.24,zz500
423,2021-01-29,002603.sz,以岭药业,0.26,zz500
424,2021-01-29,002625.sz,光启技术,0.44,zz500
425,2021-01-29,002635.sz,安洁科技,0.08,zz500
426,2021-01-29,002640.sz,跨境通,0.09,zz500
427,2021-01-29,002648.sz,卫星石化,0.31,zz500
428,2021-01-29,002653.sz,海思科,0.05,zz500
429,2021-01-29,002670.sz,国盛金控,0.2,zz500
430,2021-01-29,002683.sz,宏大爆破,0.29,zz500
431,2021-01-29,002690.sz,美亚光电,0.22,zz500
432,2021-01-29,002701.sz,奥瑞金,0.13,zz500
433,2021-01-29,002705.sz,新宝股份,0.28,zz500
434,2021-01-29,002709.sz,天赐材料,0.55,zz500
435,2021-01-29,002745.sz,木林森,0.21,zz500
436,2021-01-29,002791.sz,坚朗五金,0.39,zz500
437,2021-01-29,002797.sz,第一创业,0.42,zz500
438,2021-01-29,002807.sz,江阴银行,0.16,zz500
439,2021-01-29,002815.sz,崇达技术,0.08,zz500
440,2021-01-29,002818.sz,富森美,0.04,zz500
441,2021-01-29,002831.sz,裕同科技,0.27,zz500
442,2021-01-29,002839.sz,张家港行,0.13,zz500
443,2021-01-29,002867.sz,周大生,0.16,zz500
444,2021-01-29,002901.sz,大博医疗,0.06,zz500
445,2021-01-29,002920.sz,德赛西威,0.33,zz500
446,2021-01-29,002925.sz,盈趣科技,0.17,zz500
447,2021-01-29,002926.sz,华西证券,0.24,zz500
448,2021-01-29,002936.sz,郑州银行,0.12,zz500
449,2021-01-29,002941.sz,新疆交建,0.04,zz500
450,2021-01-29,002946.sz,新乳业,0.06,zz500
451,2021-01-29,002948.sz,青岛银行,0.07,zz500
452,2021-01-29,002957.sz,科瑞技术,0.03,zz500
453,2021-01-29,002966.sz,苏州银行,0.23,zz500
454,2021-01-29,002985.sz,北摩高科,0.13,zz500
455,2021-01-29,300001.sz,特锐德,0.39,zz500
456,2021-01-29,300002.sz,神州泰岳,0.15,zz500
457,2021-01-29,300009.sz,安科生物,0.24,zz500
458,2021-01-29,300010.sz,豆神教育,0.12,zz500
459,2021-01-29,300012.sz,华测检测,0.87,zz500
460,2021-01-29,300017.sz,网宿科技,0.21,zz500
461,2021-01-29,300024.sz,机器人,0.26,zz500
462,2021-01-29,300026.sz,红日药业,0.13,zz500
463,2021-01-29,300058.sz,蓝色光标,0.23,zz500
464,2021-01-29,300070.sz,碧水源,0.28,zz500
465,2021-01-29,300072.sz,三聚环保,0.15,zz500
466,2021-01-29,300088.sz,长信科技,0.33,zz500
467,2021-01-29,300113.sz,顺网科技,0.12,zz500
468,2021-01-29,300115.sz,长盈精密,0.28,zz500
469,2021-01-29,300133.sz,华策影视,0.15,zz500
470,2021-01-29,300134.sz,大富科技,0.07,zz500
471,2021-01-29,300146.sz,汤臣倍健,0.31,zz500
472,2021-01-29,300166.sz,东方国信,0.14,zz500
473,2021-01-29,300168.sz,万达信息,0.28,zz500
474,2021-01-29,300180.sz,华峰超纤,0.12,zz500
475,2021-01-29,300182.sz,捷成股份,0.11,zz500
476,2021-01-29,300207.sz,欣旺达,0.53,zz500
477,2021-01-29,300212.sz,易华录,0.19,zz500
478,2021-01-29,300223.sz,北京君正,0.23,zz500
479,2021-01-29,300244.sz,迪安诊断,0.32,zz500
480,2021-01-29,300257.sz,开山股份,0.1,zz500
481,2021-01-29,300271.sz,华宇软件,0.23,zz500
482,2021-01-29,300274.sz,阳光电源,1.9,zz500
483,2021-01-29,300285.sz,国瓷材料,0.66,zz500
484,2021-01-29,300296.sz,利亚德,0.2,zz500
485,2021-01-29,300315.sz,掌趣科技,0.27,zz500
486,2021-01-29,300316.sz,晶盛机电,0.46,zz500
487,2021-01-29,300324.sz,旋极信息,0.07,zz500
488,2021-01-29,300357.sz,我武生物,0.52,zz500
489,2021-01-29,300376.sz,易事特,0.11,zz500
490,2021-01-29,300418.sz,昆仑万维,0.35,zz500
491,2021-01-29,300459.sz,金科文化,0.12,zz500
492,2021-01-29,300463.sz,迈克生物,0.31,zz500
493,2021-01-29,300474.sz,景嘉微,0.2,zz500
494,2021-01-29,300482.sz,万孚生物,0.32,zz500
495,2021-01-29,300496.sz,中科创达,0.77,zz500
496,2021-01-29,300595.sz,欧普康视,0.59,zz500
497,2021-01-29,300618.sz,寒锐钴业,0.29,zz500
498,2021-01-29,300630.sz,普利制药,0.21,zz500
499,2021-01-29,300699.sz,光威复材,0.41,zz500
500,2021-01-29,600000.ss,浦发银行,0.58,hs300
501,2021-01-29,600004.ss,白云机场,0.08,hs300
502,2021-01-29,600009.ss,上海机场,0.38,hs300
503,2021-01-29,600010.ss,包钢股份,0.13,hs300
504,2021-01-29,600011.ss,华能国际,0.09,hs300
505,2021-01-29,600015.ss,华夏银行,0.19,hs300
506,2021-01-29,600016.ss,民生银行,0.54,hs300
507,2021-01-29,600018.ss,上港集团,0.08,hs300
508,2021-01-29,600019.ss,宝钢股份,0.29,hs300
509,2021-01-29,600025.ss,华能水电,0.04,hs300
510,2021-01-29,600027.ss,华电国际,0.05,hs300
511,2021-01-29,600028.ss,中国石化,0.26,hs300
512,2021-01-29,600029.ss,南方航空,0.13,hs300
513,2021-01-29,600030.ss,中信证券,1.2,hs300
514,2021-01-29,600031.ss,三一重工,1.19,hs300
515,2021-01-29,600036.ss,招商银行,3.14,hs300
516,2021-01-29,600048.ss,保利地产,0.49,hs300
517,2021-01-29,600050.ss,中国联通,0.19,hs300
518,2021-01-29,600061.ss,国投资本,0.11,hs300
519,2021-01-29,600066.ss,宇通客车,0.09,hs300
520,2021-01-29,600068.ss,葛洲坝,0.09,hs300
521,2021-01-29,600085.ss,同仁堂,0.06,hs300
522,2021-01-29,600104.ss,上汽集团,0.38,hs300
523,2021-01-29,600109.ss,国金证券,0.17,hs300
524,2021-01-29,600111.ss,北方稀土,0.19,hs300
525,2021-01-29,600115.ss,东方航空,0.1,hs300
526,2021-01-29,600118.ss,中国卫星,0.1,hs300
527,2021-01-29,600150.ss,中国船舶,0.05,hs300
528,2021-01-29,600161.ss,天坛生物,0.12,hs300
529,2021-01-29,600176.ss,中国巨石,0.24,hs300
530,2021-01-29,600177.ss,雅戈尔,0.1,hs300
531,2021-01-29,600183.ss,生益科技,0.15,hs300
532,2021-01-29,600196.ss,复星医药,0.27,hs300
533,2021-01-29,600208.ss,新湖中宝,0.06,hs300
534,2021-01-29,600233.ss,圆通速递,0.07,hs300
535,2021-01-29,600271.ss,航天信息,0.06,hs300
536,2021-01-29,600276.ss,恒瑞医药,1.92,hs300
537,2021-01-29,600297.ss,广汇汽车,0.05,hs300
538,2021-01-29,600299.ss,安迪苏,0.02,hs300
539,2021-01-29,600309.ss,万华化学,0.87,hs300
540,2021-01-29,600332.ss,白云山,0.08,hs300
541,2021-01-29,600340.ss,华夏幸福,0.07,hs300
542,2021-01-29,600346.ss,恒力石化,0.41,hs300
543,2021-01-29,600352.ss,浙江龙盛,0.18,hs300
544,2021-01-29,600362.ss,江西铜业,0.1,hs300
545,2021-01-29,600369.ss,西南证券,0.08,hs300
546,2021-01-29,600383.ss,金地集团,0.12,hs300
547,2021-01-29,600390.ss,五矿资本,0.07,hs300
548,2021-01-29,600406.ss,国电南瑞,0.34,hs300
549,2021-01-29,600436.ss,片仔癀,0.45,hs300
550,2021-01-29,600438.ss,通威股份,0.62,hs300
551,2021-01-29,600482.ss,中国动力,0.06,hs300
552,2021-01-29,600487.ss,亨通光电,0.09,hs300
553,2021-01-29,600489.ss,中金黄金,0.08,hs300
554,2021-01-29,600498.ss,烽火通信,0.07,hs300
555,2021-01-29,600519.ss,贵州茅台,5.28,hs300
556,2021-01-29,600522.ss,中天科技,0.13,hs300
557,2021-01-29,600547.ss,山东黄金,0.2,hs300
558,2021-01-29,600570.ss,恒生电子,0.4,hs300
559,2021-01-29,600584.ss,长电科技,0.23,hs300
560,2021-01-29,600585.ss,海螺水泥,0.6,hs300
561,2021-01-29,600588.ss,用友网络,0.35,hs300
562,2021-01-29,600600.ss,青岛啤酒,0.16,hs300
563,2021-01-29,600606.ss,绿地控股,0.1,hs300
564,2021-01-29,600637.ss,东方明珠,0.09,hs300
565,2021-01-29,600655.ss,豫园股份,0.08,hs300
566,2021-01-29,600660.ss,福耀玻璃,0.41,hs300
567,2021-01-29,600690.ss,海尔智家,0.6,hs300
568,2021-01-29,600703.ss,三安光电,0.33,hs300
569,2021-01-29,600705.ss,中航资本,0.11,hs300
570,2021-01-29,600741.ss,华域汽车,0.23,hs300
571,2021-01-29,600745.ss,闻泰科技,0.26,hs300
572,2021-01-29,600760.ss,中航沈飞,0.16,hs300
573,2021-01-29,600763.ss,通策医疗,0.34,hs300
574,2021-01-29,600795.ss,国电电力,0.12,hs300
575,2021-01-29,600809.ss,山西汾酒,0.65,hs300
576,2021-01-29,600837.ss,海通证券,0.47,hs300
577,2021-01-29,600845.ss,宝信软件,0.09,hs300
578,2021-01-29,600848.ss,上海临港,0.06,hs300
579,2021-01-29,600872.ss,中炬高新,0.19,hs300
580,2021-01-29,600886.ss,国投电力,0.12,hs300
581,2021-01-29,600887.ss,伊利股份,1.33,hs300
582,2021-01-29,600893.ss,航发动力,0.32,hs300
583,2021-01-29,600900.ss,长江电力,0.89,hs300
584,2021-01-29,600918.ss,中泰证券,0.06,hs300
585,2021-01-29,600919.ss,江苏银行,0.33,hs300
586,2021-01-29,600926.ss,杭州银行,0.22,hs300
587,2021-01-29,600958.ss,东方证券,0.21,hs300
588,2021-01-29,600989.ss,宝丰能源,0.06,hs300
589,2021-01-29,600998.ss,九州通,0.07,hs300
590,2021-01-29,600999.ss,招商证券,0.48,hs300
591,2021-01-29,601006.ss,大秦铁路,0.19,hs300
592,2021-01-29,601009.ss,南京银行,0.24,hs300
593,2021-01-29,601012.ss,隆基股份,1.41,hs300
594,2021-01-29,601021.ss,春秋航空,0.11,hs300
595,2021-01-29,601066.ss,中信建投,0.19,hs300
596,2021-01-29,601077.ss,渝农商行,0.04,hs300
597,2021-01-29,601088.ss,中国神华,0.29,hs300
598,2021-01-29,601100.ss,恒立液压,0.23,hs300
599,2021-01-29,601108.ss,财通证券,0.14,hs300
600,2021-01-29,601111.ss,中国国航,0.11,hs300
601,2021-01-29,601117.ss,中国化学,0.07,hs300
602,2021-01-29,601138.ss,工业富联,0.14,hs300
603,2021-01-29,601155.ss,新城控股,0.19,hs300
604,2021-01-29,601162.ss,天风证券,0.09,hs300
605,2021-01-29,601166.ss,兴业银行,1.67,hs300
606,2021-01-29,601169.ss,北京银行,0.35,hs300
607,2021-01-29,601186.ss,中国铁建,0.18,hs300
608,2021-01-29,601198.ss,东兴证券,0.08,hs300
609,2021-01-29,601211.ss,国泰君安,0.37,hs300
610,2021-01-29,601216.ss,君正集团,0.1,hs300
611,2021-01-29,601225.ss,陕西煤业,0.2,hs300
612,2021-01-29,601229.ss,上海银行,0.4,hs300
613,2021-01-29,601231.ss,环旭电子,0.06,hs300
614,2021-01-29,601236.ss,红塔证券,0.05,hs300
615,2021-01-29,601238.ss,广汽集团,0.05,hs300
616,2021-01-29,601288.ss,农业银行,0.45,hs300
617,2021-01-29,601318.ss,中国平安,4.25,hs300
618,2021-01-29,601319.ss,中国人保,0.06,hs300
619,2021-01-29,601328.ss,交通银行,0.61,hs300
620,2021-01-29,601336.ss,新华保险,0.2,hs300
621,2021-01-29,601360.ss,三六零,0.17,hs300
622,2021-01-29,601377.ss,兴业证券,0.22,hs300
623,2021-01-29,601390.ss,中国中铁,0.27,hs300
624,2021-01-29,601398.ss,工商银行,0.89,hs300
625,2021-01-29,601555.ss,东吴证券,0.14,hs300
626,2021-01-29,601577.ss,长沙银行,0.05,hs300
627,2021-01-29,601600.ss,中国铝业,0.1,hs300
628,2021-01-29,601601.ss,中国太保,0.59,hs300
629,2021-01-29,601607.ss,上海医药,0.1,hs300
630,2021-01-29,601618.ss,中国中冶,0.1,hs300
631,2021-01-29,601628.ss,中国人寿,0.3,hs300
632,2021-01-29,601633.ss,长城汽车,0.25,hs300
633,2021-01-29,601658.ss,邮储银行,0.09,hs300
634,2021-01-29,601668.ss,中国建筑,0.5,hs300
635,2021-01-29,601669.ss,中国电建,0.14,hs300
636,2021-01-29,601688.ss,华泰证券,0.51,hs300
637,2021-01-29,601696.ss,中银证券,0.03,hs300
638,2021-01-29,601698.ss,中国卫通,0.04,hs300
639,2021-01-29,601727.ss,上海电气,0.1,hs300
640,2021-01-29,601766.ss,中国中车,0.38,hs300
641,2021-01-29,601788.ss,光大证券,0.16,hs300
642,2021-01-29,601800.ss,中国交建,0.12,hs300
643,2021-01-29,601808.ss,中海油服,0.04,hs300
644,2021-01-29,601816.ss,京沪高铁,0.09,hs300
645,2021-01-29,601818.ss,光大银行,0.32,hs300
646,2021-01-29,601838.ss,成都银行,0.11,hs300
647,2021-01-29,601857.ss,中国石油,0.2,hs300
648,2021-01-29,601872.ss,招商轮船,0.05,hs300
649,2021-01-29,601877.ss,正泰电器,0.2,hs300
650,2021-01-29,601878.ss,浙商证券,0.12,hs300
651,2021-01-29,601881.ss,中国银河,0.07,hs300
652,2021-01-29,601888.ss,中国中免,1.42,hs300
653,2021-01-29,601899.ss,紫金矿业,0.66,hs300
654,2021-01-29,601901.ss,方正证券,0.2,hs300
655,2021-01-29,601916.ss,浙商银行,0.07,hs300
656,2021-01-29,601919.ss,中远海控,0.3,hs300
657,2021-01-29,601933.ss,永辉超市,0.13,hs300
658,2021-01-29,601939.ss,建设银行,0.23,hs300
659,2021-01-29,601985.ss,中国核电,0.13,hs300
660,2021-01-29,601988.ss,中国银行,0.33,hs300
661,2021-01-29,601989.ss,中国重工,0.19,hs300
662,2021-01-29,601990.ss,南京证券,0.08,hs300
663,2021-01-29,601998.ss,中信银行,0.08,hs300
664,2021-01-29,603019.ss,中科曙光,0.15,hs300
665,2021-01-29,603087.ss,甘李药业,0.05,hs300
666,2021-01-29,603156.ss,养元饮品,0.06,hs300
667,2021-01-29,603160.ss,汇顶科技,0.16,hs300
668,2021-01-29,603195.ss,公牛集团,0.07,hs300
669,2021-01-29,603259.ss,药明康德,1.06,hs300
670,2021-01-29,603288.ss,海天味业,0.95,hs300
671,2021-01-29,603369.ss,今世缘,0.17,hs300
672,2021-01-29,603392.ss,万泰生物,0.08,hs300
673,2021-01-29,603501.ss,韦尔股份,0.62,hs300
674,2021-01-29,603658.ss,安图生物,0.09,hs300
675,2021-01-29,603799.ss,华友钴业,0.34,hs300
676,2021-01-29,603833.ss,欧派家居,0.13,hs300
677,2021-01-29,603899.ss,晨光文具,0.17,hs300
678,2021-01-29,603986.ss,兆易创新,0.3,hs300
679,2021-01-29,603993.ss,洛阳钼业,0.21,hs300
680,2021-01-29,688008.ss,澜起科技,0.2,hs300
681,2021-01-29,688009.ss,中国通号,0.07,hs300
682,2021-01-29,688012.ss,中微公司,0.16,hs300
683,2021-01-29,688036.ss,传音控股,0.16,hs300
684,2021-01-29,000001.sz,平安银行,1.11,hs300
685,2021-01-29,000002.sz,万科A,0.94,hs300
686,2021-01-29,000063.sz,中兴通讯,0.43,hs300
687,2021-01-29,000066.sz,中国长城,0.15,hs300
688,2021-01-29,000069.sz,华侨城A,0.13,hs300
689,2021-01-29,000100.sz,TCL科技,0.6,hs300
690,2021-01-29,000157.sz,中联重科,0.28,hs300
691,2021-01-29,000166.sz,申万宏源,0.21,hs300
692,2021-01-29,000333.sz,美的集团,2.35,hs300
693,2021-01-29,000338.sz,潍柴动力,0.5,hs300
694,2021-01-29,000425.sz,徐工机械,0.13,hs300
695,2021-01-29,000538.sz,云南白药,0.34,hs300
696,2021-01-29,000568.sz,泸州老窖,0.94,hs300
697,2021-01-29,000596.sz,古井贡酒,0.14,hs300
698,2021-01-29,000625.sz,长安汽车,0.19,hs300
699,2021-01-29,000627.sz,天茂集团,0.04,hs300
700,2021-01-29,000651.sz,格力电器,1.35,hs300
701,2021-01-29,000656.sz,金科股份,0.11,hs300
702,2021-01-29,000661.sz,长春高新,0.64,hs300
703,2021-01-29,000671.sz,阳光城,0.05,hs300
704,2021-01-29,000703.sz,恒逸石化,0.12,hs300
705,2021-01-29,000708.sz,中信特钢,0.14,hs300
706,2021-01-29,000723.sz,美锦能源,0.07,hs300
707,2021-01-29,000725.sz,京东方A,0.83,hs300
708,2021-01-29,000728.sz,国元证券,0.11,hs300
709,2021-01-29,000768.sz,中航西飞,0.21,hs300
710,2021-01-29,000776.sz,广发证券,0.23,hs300
711,2021-01-29,000783.sz,长江证券,0.15,hs300
712,2021-01-29,000786.sz,北新建材,0.26,hs300
713,2021-01-29,000858.sz,五 粮 液,2.8,hs300
714,2021-01-29,000860.sz,顺鑫农业,0.17,hs300
715,2021-01-29,000876.sz,新 希 望,0.24,hs300
716,2021-01-29,000895.sz,双汇发展,0.24,hs300
717,2021-01-29,000938.sz,紫光股份,0.15,hs300
718,2021-01-29,000961.sz,中南建设,0.07,hs300
719,2021-01-29,000963.sz,华东医药,0.12,hs300
720,2021-01-29,000977.sz,浪潮信息,0.13,hs300
721,2021-01-29,001979.sz,招商蛇口,0.19,hs300
722,2021-01-29,002001.sz,新和成,0.24,hs300
723,2021-01-29,002007.sz,华兰生物,0.25,hs300
724,2021-01-29,002008.sz,大族激光,0.18,hs300
725,2021-01-29,002024.sz,苏宁易购,0.12,hs300
726,2021-01-29,002027.sz,分众传媒,0.55,hs300
727,2021-01-29,002032.sz,苏泊尔,0.07,hs300
728,2021-01-29,002044.sz,美年健康,0.19,hs300
729,2021-01-29,002049.sz,紫光国微,0.26,hs300
730,2021-01-29,002050.sz,三花智控,0.21,hs300
731,2021-01-29,002120.sz,韵达股份,0.1,hs300
732,2021-01-29,002129.sz,中环股份,0.25,hs300
733,2021-01-29,002142.sz,宁波银行,0.57,hs300
734,2021-01-29,002146.sz,荣盛发展,0.05,hs300
735,2021-01-29,002153.sz,石基信息,0.05,hs300
736,2021-01-29,002157.sz,正邦科技,0.11,hs300
737,2021-01-29,002179.sz,中航光电,0.19,hs300
738,2021-01-29,002202.sz,金风科技,0.2,hs300
739,2021-01-29,002230.sz,科大讯飞,0.41,hs300
740,2021-01-29,002236.sz,大华股份,0.22,hs300
741,2021-01-29,002241.sz,歌尔股份,0.37,hs300
742,2021-01-29,002252.sz,上海莱士,0.1,hs300
743,2021-01-29,002271.sz,东方雨虹,0.4,hs300
744,2021-01-29,002304.sz,洋河股份,0.61,hs300
745,2021-01-29,002311.sz,海大集团,0.26,hs300
746,2021-01-29,002352.sz,顺丰控股,0.9,hs300
747,2021-01-29,002371.sz,北方华创,0.25,hs300
748,2021-01-29,002384.sz,东山精密,0.13,hs300
749,2021-01-29,002410.sz,广联达,0.39,hs300
750,2021-01-29,002414.sz,高德红外,0.14,hs300
751,2021-01-29,002415.sz,海康威视,1.17,hs300
752,2021-01-29,002422.sz,科伦药业,0.1,hs300
753,2021-01-29,002456.sz,欧菲光,0.11,hs300
754,2021-01-29,002460.sz,赣锋锂业,0.46,hs300
755,2021-01-29,002463.sz,沪电股份,0.1,hs300
756,2021-01-29,002475.sz,立讯精密,1.1,hs300
757,2021-01-29,002493.sz,荣盛石化,0.34,hs300
758,2021-01-29,002508.sz,老板电器,0.09,hs300
759,2021-01-29,002555.sz,三七互娱,0.2,hs300
760,2021-01-29,002558.sz,巨人网络,0.07,hs300
761,2021-01-29,002594.sz,比亚迪,1.11,hs300
762,2021-01-29,002600.sz,领益智造,0.14,hs300
763,2021-01-29,002601.sz,龙蟒佰利,0.24,hs300
764,2021-01-29,002602.sz,世纪华通,0.12,hs300
765,2021-01-29,002607.sz,中公教育,0.13,hs300
766,2021-01-29,002624.sz,完美世界,0.16,hs300
767,2021-01-29,002673.sz,西部证券,0.09,hs300
768,2021-01-29,002714.sz,牧原股份,0.83,hs300
769,2021-01-29,002736.sz,国信证券,0.18,hs300
770,2021-01-29,002739.sz,万达电影,0.1,hs300
771,2021-01-29,002773.sz,康弘药业,0.07,hs300
772,2021-01-29,002812.sz,恩捷股份,0.29,hs300
773,2021-01-29,002821.sz,凯莱英,0.21,hs300
774,2021-01-29,002841.sz,视源股份,0.23,hs300
775,2021-01-29,002916.sz,深南电路,0.1,hs300
776,2021-01-29,002938.sz,鹏鼎控股,0.14,hs300
777,2021-01-29,002939.sz,长城证券,0.05,hs300
778,2021-01-29,002945.sz,华林证券,0.02,hs300
779,2021-01-29,002958.sz,青农商行,0.06,hs300
780,2021-01-29,003816.sz,中国广核,0.16,hs300
781,2021-01-29,300003.sz,乐普医疗,0.17,hs300
782,2021-01-29,300014.sz,亿纬锂能,0.6,hs300
783,2021-01-29,300015.sz,爱尔眼科,0.64,hs300
784,2021-01-29,300033.sz,同花顺,0.13,hs300
785,2021-01-29,300059.sz,东方财富,1.2,hs300
786,2021-01-29,300122.sz,智飞生物,0.5,hs300
787,2021-01-29,300124.sz,汇川技术,0.49,hs300
788,2021-01-29,300136.sz,信维通信,0.12,hs300
789,2021-01-29,300142.sz,沃森生物,0.3,hs300
790,2021-01-29,300144.sz,宋城演艺,0.13,hs300
791,2021-01-29,300347.sz,泰格医药,0.44,hs300
792,2021-01-29,300408.sz,三环集团,0.21,hs300
793,2021-01-29,300413.sz,芒果超媒,0.29,hs300
794,2021-01-29,300433.sz,蓝思科技,0.25,hs300
795,2021-01-29,300498.sz,温氏股份,0.38,hs300
796,2021-01-29,300529.sz,健帆生物,0.16,hs300
797,2021-01-29,300601.sz,康泰生物,0.25,hs300
798,2021-01-29,300628.sz,亿联网络,0.11,hs300
799,2021-01-29,300676.sz,华大基因,0.14,hs300
